log_id,machine_id,component,failure_mode,timestamp,action_taken
LOG0001,MACH-A,Motor,General Wear,2023-01-08 01:00:00,General Maintenance
LOG0002,MACH-A,Bearing,Bearing Failure,2023-01-16 22:00:00,Replaced Bearing
LOG0003,MACH-A,Bearing,Bearing Failure,2023-01-17 21:00:00,Replaced Bearing
LOG0004,MACH-A,Bearing,Bearing Failure,2023-01-18 13:00:00,Replaced Bearing
LOG0005,MACH-A,Bearing,Bearing Failure,2023-01-20 05:00:00,Replaced Bearing
LOG0006,MACH-A,Belt,General Wear,2023-02-07 13:00:00,General Maintenance
LOG0007,MACH-A,Bearing,Bearing Failure,2023-02-12 00:00:00,Replaced Bearing
LOG0008,MACH-A,Bearing,Bearing Failure,2023-03-07 07:00:00,Replaced Bearing
LOG0009,MACH-A,Bearing,Bearing Failure,2023-03-08 10:00:00,Replaced Bearing
LOG0010,MACH-A,Bearing,Bearing Failure,2023-03-16 08:00:00,Replaced Bearing
LOG0011,MACH-A,Belt,General Wear,2023-03-19 08:00:00,General Maintenance
LOG0012,MACH-A,Bearing,Bearing Failure,2023-03-25 06:00:00,Replaced Bearing
LOG0013,MACH-A,Bearing,Bearing Failure,2023-04-02 18:00:00,Replaced Bearing
LOG0014,MACH-A,Bearing,Bearing Failure,2023-04-04 19:00:00,Replaced Bearing
LOG0015,MACH-A,Bearing,Bearing Failure,2023-04-20 08:00:00,Replaced Bearing
LOG0016,MACH-A,Bearing,Bearing Failure,2023-04-20 13:00:00,Replaced Bearing
LOG0017,MACH-A,Bearing,Bearing Failure,2023-04-24 11:00:00,Replaced Bearing
LOG0018,MACH-A,Bearing,Bearing Failure,2023-05-07 22:00:00,Replaced Bearing
LOG0019,MACH-A,Bearing,Bearing Failure,2023-05-16 23:00:00,Replaced Bearing
LOG0020,MACH-A,Bearing,Bearing Failure,2023-05-25 18:00:00,Replaced Bearing
LOG0021,MACH-A,Bearing,Bearing Failure,2023-06-28 08:00:00,Replaced Bearing
LOG0022,MACH-A,Belt,General Wear,2023-07-25 10:00:00,General Maintenance
LOG0023,MACH-A,Belt,General Wear,2023-08-14 12:00:00,General Maintenance
LOG0024,MACH-A,Bearing,Bearing Failure,2023-08-16 03:00:00,Replaced Bearing
LOG0025,MACH-A,Bearing,Bearing Failure,2023-08-20 16:00:00,Replaced Bearing
LOG0026,MACH-A,Bearing,Bearing Failure,2023-08-27 21:00:00,Replaced Bearing
LOG0027,MACH-A,Bearing,General Wear,2023-08-29 07:00:00,General Maintenance
LOG0028,MACH-A,Belt,General Wear,2023-09-04 03:00:00,General Maintenance
LOG0029,MACH-A,Bearing,Bearing Failure,2023-09-07 10:00:00,Replaced Bearing
LOG0030,MACH-A,Bearing,Bearing Failure,2023-09-17 21:00:00,Replaced Bearing
LOG0031,MACH-A,Bearing,Bearing Failure,2023-09-18 06:00:00,Replaced Bearing
LOG0032,MACH-A,Bearing,Bearing Failure,2023-09-19 18:00:00,Replaced Bearing
LOG0033,MACH-A,Motor,General Wear,2023-10-01 19:00:00,General Maintenance
LOG0034,MACH-A,Motor,General Wear,2023-10-02 09:00:00,General Maintenance
LOG0035,MACH-A,Bearing,Bearing Failure,2023-10-05 11:00:00,Replaced Bearing
LOG0036,MACH-A,Motor,General Wear,2023-10-10 12:00:00,General Maintenance
LOG0037,MACH-A,Bearing,Bearing Failure,2023-10-11 08:00:00,Replaced Bearing
LOG0038,MACH-A,Bearing,Bearing Failure,2023-10-14 00:00:00,Replaced Bearing
LOG0039,MACH-A,Motor,General Wear,2023-11-27 10:00:00,General Maintenance
LOG0040,MACH-A,Motor,General Wear,2023-12-01 02:00:00,General Maintenance
LOG0041,MACH-A,Belt,General Wear,2023-12-21 02:00:00,General Maintenance
LOG0042,MACH-A,Bearing,Bearing Failure,2023-12-23 07:00:00,Replaced Bearing
LOG0043,MACH-B,Bearing,General Wear,2023-01-04 22:00:00,General Maintenance
LOG0044,MACH-B,Bearing,Bearing Failure,2023-01-18 10:00:00,Replaced Bearing
LOG0045,MACH-B,Bearing,Bearing Failure,2023-01-23 16:00:00,Replaced Bearing
LOG0046,MACH-B,Bearing,Bearing Failure,2023-02-21 14:00:00,Replaced Bearing
LOG0047,MACH-B,Bearing,Bearing Failure,2023-03-17 18:00:00,Replaced Bearing
LOG0048,MACH-B,Bearing,Bearing Failure,2023-04-11 09:00:00,Replaced Bearing
LOG0049,MACH-B,Bearing,Bearing Failure,2023-04-16 22:00:00,Replaced Bearing
LOG0050,MACH-B,Bearing,Bearing Failure,2023-04-26 09:00:00,Replaced Bearing
LOG0051,MACH-B,Bearing,Bearing Failure,2023-04-27 14:00:00,Replaced Bearing
LOG0052,MACH-B,Bearing,Bearing Failure,2023-04-29 03:00:00,Replaced Bearing
LOG0053,MACH-B,Bearing,Bearing Failure,2023-05-01 12:00:00,Replaced Bearing
LOG0054,MACH-B,Bearing,Bearing Failure,2023-05-30 17:00:00,Replaced Bearing
LOG0055,MACH-B,Bearing,Bearing Failure,2023-07-02 23:00:00,Replaced Bearing
LOG0056,MACH-B,Belt,General Wear,2023-07-13 12:00:00,General Maintenance
LOG0057,MACH-B,Bearing,Bearing Failure,2023-07-20 08:00:00,Replaced Bearing
LOG0058,MACH-B,Bearing,Bearing Failure,2023-07-22 08:00:00,Replaced Bearing
LOG0059,MACH-B,Bearing,Bearing Failure,2023-07-23 19:00:00,Replaced Bearing
LOG0060,MACH-B,Bearing,Bearing Failure,2023-07-30 22:00:00,Replaced Bearing
LOG0061,MACH-B,Bearing,Bearing Failure,2023-08-13 17:00:00,Replaced Bearing
LOG0062,MACH-B,Bearing,Bearing Failure,2023-08-16 16:00:00,Replaced Bearing
LOG0063,MACH-B,Bearing,Bearing Failure,2023-08-24 19:00:00,Replaced Bearing
LOG0064,MACH-B,Bearing,Bearing Failure,2023-08-28 23:00:00,Replaced Bearing
LOG0065,MACH-B,Bearing,Bearing Failure,2023-09-25 05:00:00,Replaced Bearing
LOG0066,MACH-B,Bearing,Bearing Failure,2023-09-27 19:00:00,Replaced Bearing
LOG0067,MACH-B,Bearing,Bearing Failure,2023-09-28 19:00:00,Replaced Bearing
LOG0068,MACH-B,Belt,General Wear,2023-09-29 17:00:00,General Maintenance
LOG0069,MACH-B,Belt,General Wear,2023-10-01 21:00:00,General Maintenance
LOG0070,MACH-B,Bearing,Bearing Failure,2023-10-06 20:00:00,Replaced Bearing
LOG0071,MACH-B,Bearing,Bearing Failure,2023-10-08 10:00:00,Replaced Bearing
LOG0072,MACH-B,Bearing,Bearing Failure,2023-10-17 19:00:00,Replaced Bearing
LOG0073,MACH-B,Bearing,Bearing Failure,2023-10-17 20:00:00,Replaced Bearing
LOG0074,MACH-B,Bearing,Bearing Failure,2023-10-28 20:00:00,Replaced Bearing
LOG0075,MACH-B,Belt,General Wear,2023-10-31 16:00:00,General Maintenance
LOG0076,MACH-B,Bearing,Bearing Failure,2023-11-11 13:00:00,Replaced Bearing
LOG0077,MACH-B,Bearing,Bearing Failure,2023-11-14 17:00:00,Replaced Bearing
LOG0078,MACH-B,Bearing,Bearing Failure,2023-11-22 19:00:00,Replaced Bearing
LOG0079,MACH-B,Bearing,Bearing Failure,2023-11-26 08:00:00,Replaced Bearing
LOG0080,MACH-B,Bearing,Bearing Failure,2023-11-29 23:00:00,Replaced Bearing
LOG0081,MACH-B,Bearing,Bearing Failure,2023-12-03 02:00:00,Replaced Bearing
LOG0082,MACH-B,Bearing,Bearing Failure,2023-12-05 14:00:00,Replaced Bearing
LOG0083,MACH-B,Bearing,General Wear,2023-12-11 04:00:00,General Maintenance
LOG0084,MACH-B,Bearing,Bearing Failure,2023-12-21 16:00:00,Replaced Bearing
LOG0085,MACH-B,Bearing,Bearing Failure,2023-12-24 07:00:00,Replaced Bearing
LOG0086,MACH-B,Bearing,Bearing Failure,2023-12-24 14:00:00,Replaced Bearing
LOG0087,MACH-B,Bearing,Bearing Failure,2023-12-27 19:00:00,Replaced Bearing
LOG0088,MACH-B,Bearing,Bearing Failure,2023-12-31 19:00:00,Replaced Bearing
LOG0089,MACH-C,Bearing,General Wear,2023-01-06 19:00:00,General Maintenance
LOG0090,MACH-C,Bearing,Bearing Failure,2023-01-12 21:00:00,Replaced Bearing
LOG0091,MACH-C,Bearing,General Wear,2023-01-17 09:00:00,General Maintenance
LOG0092,MACH-C,Bearing,Bearing Failure,2023-01-22 00:00:00,Replaced Bearing
LOG0093,MACH-C,Bearing,Bearing Failure,2023-01-22 22:00:00,Replaced Bearing
LOG0094,MACH-C,Bearing,Bearing Failure,2023-02-15 03:00:00,Replaced Bearing
LOG0095,MACH-C,Bearing,Bearing Failure,2023-02-24 07:00:00,Replaced Bearing
LOG0096,MACH-C,Bearing,Bearing Failure,2023-03-11 07:00:00,Replaced Bearing
LOG0097,MACH-C,Bearing,Bearing Failure,2023-03-15 10:00:00,Replaced Bearing
LOG0098,MACH-C,Bearing,Bearing Failure,2023-03-23 01:00:00,Replaced Bearing
LOG0099,MACH-C,Bearing,General Wear,2023-04-01 09:00:00,General Maintenance
LOG0100,MACH-C,Bearing,Bearing Failure,2023-04-05 07:00:00,Replaced Bearing
LOG0101,MACH-C,Bearing,Bearing Failure,2023-04-07 07:00:00,Replaced Bearing
LOG0102,MACH-C,Bearing,Bearing Failure,2023-04-12 01:00:00,Replaced Bearing
LOG0103,MACH-C,Bearing,Bearing Failure,2023-04-14 20:00:00,Replaced Bearing
LOG0104,MACH-C,Bearing,Bearing Failure,2023-04-28 09:00:00,Replaced Bearing
LOG0105,MACH-C,Bearing,Bearing Failure,2023-05-05 02:00:00,Replaced Bearing
LOG0106,MACH-C,Bearing,Bearing Failure,2023-05-08 13:00:00,Replaced Bearing
LOG0107,MACH-C,Bearing,Bearing Failure,2023-05-22 22:00:00,Replaced Bearing
LOG0108,MACH-C,Bearing,General Wear,2023-05-29 12:00:00,General Maintenance
LOG0109,MACH-C,Bearing,Bearing Failure,2023-06-02 14:00:00,Replaced Bearing
LOG0110,MACH-C,Bearing,General Wear,2023-06-17 16:00:00,General Maintenance
LOG0111,MACH-C,Bearing,Bearing Failure,2023-06-17 20:00:00,Replaced Bearing
LOG0112,MACH-C,Bearing,Bearing Failure,2023-06-19 20:00:00,Replaced Bearing
LOG0113,MACH-C,Bearing,Bearing Failure,2023-06-26 13:00:00,Replaced Bearing
LOG0114,MACH-C,Bearing,Bearing Failure,2023-06-29 13:00:00,Replaced Bearing
LOG0115,MACH-C,Bearing,Bearing Failure,2023-07-08 23:00:00,Replaced Bearing
LOG0116,MACH-C,Bearing,Bearing Failure,2023-07-09 06:00:00,Replaced Bearing
LOG0117,MACH-C,Bearing,Bearing Failure,2023-07-13 08:00:00,Replaced Bearing
LOG0118,MACH-C,Bearing,Bearing Failure,2023-07-16 21:00:00,Replaced Bearing
LOG0119,MACH-C,Bearing,Bearing Failure,2023-07-16 23:00:00,Replaced Bearing
LOG0120,MACH-C,Bearing,Bearing Failure,2023-07-20 04:00:00,Replaced Bearing
LOG0121,MACH-C,Belt,General Wear,2023-08-02 07:00:00,General Maintenance
LOG0122,MACH-C,Bearing,Bearing Failure,2023-08-06 12:00:00,Replaced Bearing
LOG0123,MACH-C,Belt,General Wear,2023-08-20 03:00:00,General Maintenance
LOG0124,MACH-C,Bearing,Bearing Failure,2023-08-22 09:00:00,Replaced Bearing
LOG0125,MACH-C,Bearing,Bearing Failure,2023-08-28 13:00:00,Replaced Bearing
LOG0126,MACH-C,Bearing,Bearing Failure,2023-09-01 21:00:00,Replaced Bearing
LOG0127,MACH-C,Motor,General Wear,2023-09-03 16:00:00,General Maintenance
LOG0128,MACH-C,Bearing,Bearing Failure,2023-09-07 10:00:00,Replaced Bearing
LOG0129,MACH-C,Bearing,Bearing Failure,2023-09-13 02:00:00,Replaced Bearing
LOG0130,MACH-C,Bearing,Bearing Failure,2023-09-14 11:00:00,Replaced Bearing
LOG0131,MACH-C,Bearing,Bearing Failure,2023-09-21 21:00:00,Replaced Bearing
LOG0132,MACH-C,Bearing,Bearing Failure,2023-10-21 06:00:00,Replaced Bearing
LOG0133,MACH-C,Motor,General Wear,2023-10-24 09:00:00,General Maintenance
LOG0134,MACH-C,Bearing,Bearing Failure,2023-10-24 10:00:00,Replaced Bearing
LOG0135,MACH-C,Bearing,Bearing Failure,2023-11-01 01:00:00,Replaced Bearing
LOG0136,MACH-C,Bearing,Bearing Failure,2023-11-04 15:00:00,Replaced Bearing
LOG0137,MACH-C,Bearing,Bearing Failure,2023-11-06 02:00:00,Replaced Bearing
LOG0138,MACH-C,Bearing,Bearing Failure,2023-11-16 07:00:00,Replaced Bearing
LOG0139,MACH-C,Bearing,Bearing Failure,2023-11-27 14:00:00,Replaced Bearing
LOG0140,MACH-C,Bearing,Bearing Failure,2023-12-06 07:00:00,Replaced Bearing
LOG0141,MACH-C,Bearing,Bearing Failure,2023-12-22 08:00:00,Replaced Bearing
